id,parent_id,topology__cycle,arch_dev__pot_flowering_date,arch_dev__pot_nb_fruit,topology__ancestor_is_apical,arch_dev_rep__nature,topology__ancestor_nature,arch_dev__nb_inflos,topology__is_apical,topology__appearance_month
0,NA,1,NA,0,NA,0,NA,0,1,NA
1,0,1,NA,0,1,0,0,0,1,1
2,1,1,NA,0,1,0,0,0,1,1
3,2,1,NA,0,1,0,0,0,1,1
4,3,1,NA,0,1,0,0,0,1,1
5,4,1,NA,0,1,0,0,0,1,1
6,5,1,NA,0,1,0,0,0,1,1
7,6,1,NA,0,1,0,0,0,1,1
8,7,1,NA,0,1,0,0,0,1,1
9,8,1,NA,0,1,0,0,0,1,1
10,9,1,NA,0,1,0,0,0,1,1
11,10,1,NA,0,1,0,0,0,1,1
12,11,1,NA,0,1,0,0,0,1,1
13,12,1,NA,0,1,0,0,0,1,1
14,13,1,NA,0,1,0,0,0,1,1
15,14,1,NA,0,1,0,0,0,1,1
16,15,1,NA,0,1,0,0,0,1,1
17,16,1,NA,0,1,0,0,0,1,1
18,17,1,NA,0,1,0,0,0,1,1
19,18,1,NA,0,1,0,0,0,1,1
20,19,1,NA,0,1,0,0,0,1,1
21,20,1,NA,0,1,0,0,0,1,1
22,21,1,NA,0,1,0,0,0,1,1
23,22,1,NA,0,1,0,0,0,1,1
24,23,1,NA,0,1,0,0,0,1,1
25,24,1,NA,0,1,0,0,0,1,1
26,25,1,NA,0,1,0,0,0,1,1
27,26,1,NA,0,1,0,0,0,1,1
28,27,1,NA,0,1,0,0,0,1,1
29,28,1,NA,0,1,0,0,0,1,1
30,21,2,NA,0,1,0,0,0,0,9
31,11,2,NA,0,1,0,0,0,0,7
32,30,2,NA,0,1,0,0,0,1,5
33,25,2,NA,0,1,0,0,0,0,4
34,18,2,NA,0,1,0,0,0,0,3
35,24,2,NA,0,1,0,0,0,0,3
36,25,2,NA,0,1,0,0,0,0,8
37,13,2,NA,0,1,0,0,0,0,9
38,23,2,NA,0,1,0,0,0,0,9
39,17,2,NA,0,1,0,0,0,0,2
40,12,2,NA,0,1,0,0,0,0,5
41,18,2,NA,0,1,0,0,0,0,11
42,34,2,NA,0,1,0,0,0,1,1
43,40,2,NA,0,1,0,0,0,1,2
44,29,2,NA,0,1,0,0,0,0,7
45,33,2,NA,0,1,0,0,0,1,2
46,31,2,NA,0,1,0,0,0,1,4
47,32,3,NA,0,1,0,0,0,0,4
48,46,3,NA,0,1,0,0,0,0,2
49,30,3,NA,0,1,0,0,0,0,2
50,25,2,NA,0,1,0,0,0,0,4
51,18,2,NA,1,1,2,0,0,0,10
52,47,3,NA,0,1,0,0,0,1,2
53,25,2,NA,0,1,0,0,0,0,9
54,39,3,NA,1,1,2,0,0,0,6
55,50,2,NA,0,1,0,0,0,1,1
56,24,2,NA,0,1,0,0,0,0,4
57,12,2,NA,0,1,0,0,0,0,1
58,44,3,NA,0,1,0,0,0,0,10
59,32,3,NA,0,1,0,0,0,0,6
60,18,2,NA,0,1,0,0,0,0,5
61,33,3,NA,0,1,0,0,0,0,1
62,28,2,NA,0,1,0,0,0,0,6
63,21,2,NA,2,1,2,0,0,0,11
64,42,3,NA,0,1,0,0,0,0,9
65,23,2,NA,0,1,0,0,0,0,1
66,24,2,NA,0,1,0,0,0,0,5
67,20,2,NA,1,1,2,0,0,0,6
68,43,2,NA,0,1,0,0,0,1,2
69,59,3,NA,0,1,0,0,0,1,8
70,17,2,NA,2,1,2,0,0,0,7
71,53,2,NA,0,1,0,0,0,1,10
72,14,2,NA,0,1,0,0,0,0,10
73,69,3,NA,0,1,0,0,0,1,9
74,72,3,NA,0,1,0,0,0,0,3
75,68,2,NA,0,1,0,0,0,1,11
76,45,2,NA,0,1,0,0,0,1,6
77,17,2,NA,0,1,0,0,0,0,2
78,47,4,NA,0,1,0,0,0,0,5
79,23,2,NA,0,1,0,0,0,0,9
80,54,3,NA,0,1,0,0,0,1,7
81,51,2,NA,0,1,0,0,0,1,1
82,19,2,NA,0,1,0,0,0,0,6
83,37,2,NA,0,1,0,0,0,1,1
84,24,2,NA,0,1,0,0,0,0,3
85,33,3,NA,0,1,0,0,0,0,5
86,42,2,NA,0,1,0,0,0,1,4
87,50,3,NA,0,1,0,0,0,0,9
88,23,2,NA,0,1,0,0,0,0,5
89,75,3,NA,0,1,0,0,0,0,8
90,66,2,NA,0,1,0,0,0,1,9
91,69,4,NA,0,1,0,0,0,0,5
92,70,3,NA,0,1,0,0,0,0,9
93,29,1,NA,0,1,0,0,0,1,8
94,27,2,NA,0,1,0,0,0,0,8
95,20,2,NA,0,1,0,0,0,0,8
96,66,3,NA,0,1,0,0,0,0,11
97,15,2,NA,0,1,0,0,0,0,1
98,16,2,NA,0,1,0,0,0,0,6
99,93,2,NA,0,1,0,0,0,0,5
100,38,2,NA,0,1,0,0,0,1,1
101,22,2,NA,0,1,0,0,0,0,7
102,85,3,NA,0,1,0,0,0,1,2
103,92,4,NA,0,1,0,0,0,0,10
104,35,2,NA,0,1,0,0,0,1,6
105,100,2,NA,0,1,0,0,0,1,11
106,31,3,NA,0,1,0,0,0,0,8
107,71,3,NA,0,1,0,0,0,0,9
108,61,3,NA,0,1,0,0,0,1,10
109,64,4,NA,0,1,0,0,0,0,11
110,35,3,NA,0,1,0,0,0,0,11
111,31,3,NA,0,1,0,0,0,0,8
112,31,3,NA,0,1,0,0,0,0,10
113,107,3,NA,0,1,0,0,0,1,2
114,43,3,NA,0,1,0,0,0,0,1
115,62,2,NA,0,1,0,0,0,1,5
116,61,4,NA,0,1,0,0,0,0,5
117,11,2,NA,0,1,0,0,0,0,10
118,95,2,NA,0,1,0,0,0,1,6
119,78,4,NA,0,1,0,0,0,1,3
120,81,3,NA,0,1,0,0,0,0,1
121,20,2,NA,0,1,0,0,0,0,10
122,47,4,NA,0,1,0,0,0,0,3
123,112,3,NA,0,1,0,0,0,1,7
124,43,3,NA,0,1,0,0,0,0,5
125,56,3,NA,0,1,0,0,0,0,1
126,73,3,NA,0,1,0,0,0,1,7
127,15,2,NA,0,1,0,0,0,0,10
128,96,4,NA,2,1,2,0,0,0,8
129,68,3,NA,1,1,2,0,0,0,7
130,39,2,NA,0,1,0,0,0,1,3
131,119,4,NA,0,1,0,0,0,1,7
132,60,2,NA,0,1,0,0,0,1,5
133,107,4,NA,0,1,0,0,0,0,11
134,60,3,NA,0,1,0,0,0,0,6
135,95,3,NA,0,1,0,0,0,0,8
136,44,2,NA,0,1,0,0,0,1,8
137,115,3,NA,2,1,2,0,0,0,5
138,73,4,NA,2,1,2,0,0,0,8
139,53,3,NA,0,1,0,0,0,0,4
140,79,2,NA,0,1,0,0,0,1,8
141,125,4,NA,0,1,0,0,0,0,5
142,15,2,NA,0,1,0,0,0,0,9
143,40,3,NA,0,1,0,0,0,0,4
144,135,4,NA,0,1,0,0,0,0,11
145,129,4,NA,0,1,0,0,0,0,5
146,125,4,NA,0,1,0,0,0,0,4
147,25,2,NA,0,1,0,0,0,0,9
148,81,3,NA,0,1,0,0,0,0,1
149,52,3,NA,0,1,0,0,0,1,4
150,95,3,NA,0,1,0,0,0,0,4
151,127,3,NA,0,1,0,0,0,0,1
152,76,2,NA,0,1,0,0,0,1,6
153,107,4,NA,0,1,0,0,0,0,7
154,94,2,NA,0,1,0,0,0,1,3
155,108,4,NA,0,1,0,0,0,0,8
156,82,3,NA,0,1,0,0,0,0,10
157,13,2,NA,0,1,0,0,0,0,9
158,117,3,NA,0,1,0,0,0,0,2
159,107,4,NA,0,1,0,0,0,0,6
160,97,2,NA,0,1,0,0,0,1,6
161,120,3,NA,0,1,0,0,0,1,4
162,149,4,NA,0,1,0,0,0,0,6
163,60,3,NA,0,1,0,0,0,0,10
164,48,4,NA,0,1,0,0,0,0,11
165,135,3,NA,0,1,0,0,0,1,4
166,160,2,NA,0,1,0,0,0,1,10
167,129,3,NA,0,1,0,0,0,1,11
168,141,5,NA,0,1,0,0,0,0,2
169,138,5,NA,0,1,0,0,0,0,7
170,50,3,NA,0,1,0,0,0,0,5
171,159,4,NA,0,1,0,0,0,1,2
172,81,3,NA,0,1,0,0,0,0,2
173,66,3,NA,1,1,2,0,0,0,6
174,167,4,NA,0,1,0,0,0,0,2
175,149,3,NA,0,1,0,0,0,1,7
176,130,2,NA,0,1,0,0,0,1,11
177,165,3,NA,0,1,0,0,0,1,3
178,135,4,NA,0,1,0,0,0,0,9
179,36,3,NA,0,1,0,0,0,0,11
180,61,4,NA,0,1,0,0,0,0,2
181,164,5,NA,0,1,0,0,0,0,9
182,82,2,NA,0,1,0,0,0,1,8
183,14,2,NA,0,1,0,0,0,0,11
184,158,3,NA,0,1,0,0,0,1,9
185,157,2,NA,0,1,0,0,0,1,1
186,181,5,NA,0,1,0,0,0,1,4
187,65,3,NA,0,1,0,0,0,0,10
188,52,4,NA,0,1,0,0,0,0,7
189,120,4,NA,0,1,0,0,0,0,1
190,56,2,NA,0,1,0,0,0,1,1
191,81,3,NA,0,1,0,0,0,0,8
192,27,2,NA,0,1,0,0,0,0,9
193,100,3,NA,0,1,0,0,0,0,11
194,191,3,NA,0,1,0,0,0,1,10
195,41,3,NA,0,1,0,0,0,0,7
196,155,4,NA,0,1,0,0,0,1,9
197,12,2,NA,1,1,2,0,0,0,3
198,24,2,NA,0,1,0,0,0,0,5
199,138,4,NA,0,1,0,0,0,1,10
200,61,4,NA,2,1,2,0,0,0,4
201,182,2,NA,0,1,0,0,0,1,9
202,184,4,NA,0,1,0,0,0,0,3
203,161,4,NA,0,1,0,0,0,0,1
204,147,3,NA,1,1,2,0,0,0,2
205,116,4,NA,0,1,0,0,0,1,9
206,105,2,NA,0,1,0,0,0,1,9
207,50,3,NA,0,1,0,0,0,0,10
208,177,3,NA,0,1,0,0,0,1,4
209,33,3,NA,0,1,0,0,0,0,7
210,171,4,NA,0,1,0,0,0,1,3
211,102,3,NA,0,1,0,0,0,1,11
212,147,2,NA,0,1,0,0,0,1,5
213,32,2,NA,0,1,0,0,0,1,2
214,88,3,NA,0,1,0,0,0,0,9
215,130,3,NA,0,1,0,0,0,0,5
216,86,2,NA,0,1,0,0,0,1,2
217,105,3,NA,3,1,2,0,0,0,9
218,31,3,NA,0,1,0,0,0,0,11
219,170,3,NA,0,1,0,0,0,1,9
220,148,3,NA,0,1,0,0,0,1,6
221,206,3,NA,0,1,0,0,0,0,5
222,80,3,NA,0,1,0,0,0,1,6
223,193,3,NA,0,1,0,0,0,1,4
224,117,2,NA,0,1,0,0,0,1,10
225,31,3,NA,0,1,0,0,0,0,7
226,62,3,NA,0,1,0,0,0,0,5
227,57,2,NA,0,1,0,0,0,1,8
228,41,2,NA,0,1,0,0,0,1,6
229,153,5,NA,2,1,2,0,0,0,4
230,127,3,NA,1,1,2,0,0,0,11
231,111,3,NA,0,1,0,0,0,1,4
232,182,3,NA,3,1,2,0,0,0,5
233,148,4,NA,0,1,0,0,0,0,8
234,165,4,NA,0,1,0,0,0,0,5
235,222,4,NA,0,1,0,0,0,0,10
236,70,2,NA,0,1,0,0,0,1,9
237,142,3,NA,3,1,2,0,0,0,2
238,230,3,NA,0,1,0,0,0,1,11
239,112,4,NA,0,1,0,0,0,0,4
240,194,3,NA,0,1,0,0,0,1,6
241,216,3,NA,1,1,2,0,0,0,10
242,220,3,NA,0,1,0,0,0,1,11
243,216,3,NA,2,1,2,0,0,0,3
244,180,5,NA,0,1,0,0,0,0,7
245,52,4,NA,0,1,0,0,0,0,8
246,62,3,NA,0,1,0,0,0,0,3
247,82,3,NA,0,1,0,0,0,0,10
248,49,4,NA,0,1,0,0,0,0,4
249,148,4,NA,0,1,0,0,0,0,11
250,232,4,NA,0,1,0,0,0,0,7
251,160,3,NA,0,1,0,0,0,0,3
252,145,4,NA,0,1,0,0,0,1,6
253,53,3,NA,0,1,0,0,0,0,1
254,129,4,NA,0,1,0,0,0,0,1
255,220,4,NA,0,1,0,0,0,0,2
256,194,4,NA,2,1,2,0,0,0,4
257,253,4,NA,0,1,0,0,0,0,2
258,106,4,NA,0,1,0,0,0,0,11
259,221,3,NA,0,1,0,0,0,1,4
260,160,3,NA,0,1,0,0,0,0,8
261,169,5,NA,0,1,0,0,0,0,5
262,73,4,NA,0,1,0,0,0,0,9
263,104,2,NA,0,1,0,0,0,1,2
264,124,3,NA,0,1,0,0,0,1,6
265,185,3,NA,3,1,2,0,0,0,10
266,193,4,NA,0,1,0,0,0,0,3
267,193,4,NA,0,1,0,0,0,0,3
268,245,5,NA,0,1,0,0,0,0,1
269,210,4,NA,0,1,0,0,0,1,8
270,75,2,NA,0,1,0,0,0,1,4
271,198,3,NA,1,1,2,0,0,0,10
272,263,2,NA,0,1,0,0,0,1,10
273,83,2,NA,0,1,0,0,0,1,11
274,130,3,NA,0,1,0,0,0,0,9
275,154,3,NA,0,1,0,0,0,0,4
276,107,4,NA,0,1,0,0,0,0,7
277,102,4,NA,0,1,0,0,0,0,2
278,78,5,NA,0,1,0,0,0,0,2
279,119,5,NA,0,1,0,0,0,0,8
280,113,3,NA,0,1,0,0,0,1,1
281,181,5,NA,0,1,0,0,0,0,11
282,131,5,NA,0,1,0,0,0,0,8
283,165,4,NA,0,1,0,0,0,0,9
284,94,3,NA,3,1,2,0,0,0,5
285,267,5,NA,0,1,0,0,0,0,3
286,224,2,NA,0,1,0,0,0,1,5
287,262,4,NA,0,1,0,0,0,1,2
288,266,5,NA,0,1,0,0,0,0,5
289,219,3,NA,0,1,0,0,0,1,1
290,161,4,NA,0,1,0,0,0,0,10
291,251,4,NA,0,1,0,0,0,0,1
292,128,4,NA,0,1,0,0,0,1,8
293,207,4,NA,0,1,0,0,0,0,8
294,98,2,NA,0,1,0,0,0,1,4
295,251,3,NA,0,1,0,0,0,1,8
296,293,5,NA,0,1,0,0,0,0,7
297,222,3,NA,0,1,0,0,0,1,7
298,162,4,NA,0,1,0,0,0,1,9
299,187,3,NA,0,1,0,0,0,1,8
300,251,4,NA,1,1,2,0,0,0,6
301,208,4,NA,0,1,0,0,0,0,7
302,184,3,NA,0,1,0,0,0,1,9
303,191,4,NA,0,1,0,0,0,0,5
304,131,5,NA,0,1,0,0,0,0,7
305,238,4,NA,0,1,0,0,0,0,1
306,279,5,NA,0,1,0,0,0,0,10
307,214,3,NA,0,1,0,0,0,1,6
308,233,4,NA,0,1,0,0,0,1,5
309,223,3,NA,0,1,0,0,0,1,9
310,230,4,NA,0,1,0,0,0,0,6
311,125,4,NA,0,1,0,0,0,0,11
312,292,4,NA,0,1,0,0,0,1,10
313,148,4,NA,0,1,0,0,0,0,8
314,198,3,NA,0,1,0,0,0,0,2
315,125,3,NA,0,1,0,0,0,1,10
316,165,4,NA,0,1,0,0,0,0,2
317,305,4,NA,0,1,0,0,0,1,10
318,244,5,NA,3,1,2,0,0,0,11
319,265,4,NA,0,1,0,0,0,0,10
320,126,3,NA,0,1,0,0,0,1,8
321,199,5,NA,0,1,0,0,0,0,2
322,239,4,NA,0,1,0,0,0,1,1
323,265,4,NA,0,1,0,0,0,0,7
324,173,3,NA,0,1,0,0,0,1,3
325,271,3,NA,0,1,0,0,0,1,7
326,231,3,NA,0,1,0,0,0,1,11
327,238,3,NA,0,1,0,0,0,1,1
328,190,3,NA,0,1,0,0,0,0,4
329,242,4,NA,0,1,0,0,0,0,9
330,215,3,NA,0,1,0,0,0,1,5
331,232,3,NA,0,1,0,0,0,1,7
332,256,5,NA,0,1,0,0,0,0,3
333,284,3,NA,0,1,0,0,0,1,2
334,242,4,NA,0,1,0,0,0,0,5
335,294,3,NA,0,1,0,0,0,0,9
336,201,3,NA,0,1,0,0,0,0,7
337,221,4,NA,0,1,0,0,0,0,4
338,279,5,NA,0,1,0,0,0,1,5
339,240,3,NA,0,1,0,0,0,1,5
340,287,5,NA,0,1,0,0,0,0,11
341,257,5,NA,0,1,0,0,0,0,11
342,237,4,NA,0,1,0,0,0,0,3
343,202,5,NA,0,1,0,0,0,0,7
344,209,4,NA,0,1,0,0,0,0,6
345,243,3,NA,0,1,0,0,0,1,8
346,316,5,NA,0,1,0,0,0,0,2
347,261,5,NA,0,1,0,0,0,0,8
348,296,5,NA,0,1,0,0,0,0,2
349,200,4,NA,0,1,0,0,0,1,8
350,165,4,NA,0,1,0,0,0,0,4
351,318,5,NA,0,1,0,0,0,0,8
352,212,3,NA,0,1,0,0,0,0,9
353,302,4,NA,0,1,0,0,0,0,4
354,299,4,NA,0,1,0,0,0,0,4
355,230,4,NA,0,1,0,0,0,0,1
356,246,3,NA,0,1,0,0,0,1,5
357,166,2,NA,0,1,0,0,0,1,11
358,302,3,NA,0,1,0,0,0,1,4
359,229,5,NA,0,1,0,0,0,1,11
360,259,3,NA,0,1,0,0,0,1,2
361,223,4,NA,0,1,0,0,0,0,1
362,255,4,NA,0,1,0,0,0,1,1
363,281,5,NA,0,1,0,0,0,1,11
364,345,3,NA,0,1,0,0,0,1,2
365,363,5,NA,0,1,0,0,0,0,7
366,266,5,NA,0,1,0,0,0,0,6
367,170,4,NA,0,1,0,0,0,0,9
368,296,5,NA,0,1,0,0,0,1,8
369,261,5,NA,0,1,0,0,0,1,4
370,325,3,NA,0,1,0,0,0,1,8
371,252,5,NA,0,1,0,0,0,0,4
372,331,3,NA,0,1,0,0,0,1,2
373,177,4,NA,0,1,0,0,0,0,4
374,222,4,NA,0,1,0,0,0,0,6
375,366,5,NA,0,1,0,0,0,1,10
376,216,2,NA,0,1,0,0,0,1,6
377,224,3,NA,0,1,0,0,0,0,8
378,219,4,NA,0,1,0,0,0,0,4
379,236,2,NA,0,1,0,0,0,1,9
380,327,3,NA,0,1,0,0,0,1,10
381,313,4,NA,0,1,0,0,0,1,1
382,326,3,NA,0,1,0,0,0,1,5
383,242,4,NA,0,1,0,0,0,0,6
384,323,4,NA,0,1,0,0,0,1,8
385,368,5,NA,0,1,0,0,0,0,3
386,283,5,NA,1,1,2,0,0,0,10
387,283,5,NA,0,1,0,0,0,0,10
388,303,4,NA,0,1,0,0,0,1,4
389,299,3,NA,0,1,0,0,0,1,3
390,190,3,NA,0,1,0,0,0,0,7
391,388,5,NA,0,1,0,0,0,0,1
392,317,5,NA,0,1,0,0,0,0,6
393,266,5,NA,0,1,0,0,0,0,2
394,253,3,NA,0,1,0,0,0,1,3
395,360,3,NA,0,1,0,0,0,1,8
396,210,5,NA,0,1,0,0,0,0,4
397,354,5,NA,0,1,0,0,0,0,7
398,242,3,NA,0,1,0,0,0,1,10
399,248,5,NA,1,1,2,0,0,0,2
400,392,5,NA,0,1,0,0,0,1,2
401,274,3,NA,0,1,0,0,0,1,6
402,221,4,NA,0,1,0,0,0,0,5
403,236,3,NA,0,1,0,0,0,0,1
404,278,5,NA,0,1,0,0,0,1,7
405,277,4,NA,0,1,0,0,0,1,3
406,387,5,NA,0,1,0,0,0,1,8
407,210,5,NA,0,1,0,0,0,0,6
408,246,4,NA,0,1,0,0,0,0,6
409,285,5,NA,0,1,0,0,0,1,6
410,276,5,NA,0,1,0,0,0,0,1
411,245,4,NA,0,1,0,0,0,1,5
412,272,2,NA,0,1,0,0,0,1,5
413,299,4,NA,0,1,0,0,0,0,6
414,400,5,NA,1,1,2,0,0,0,1
415,387,5,NA,0,1,0,0,0,0,10
416,267,4,NA,0,1,0,0,0,1,1
417,374,5,NA,0,1,0,0,0,0,5
418,383,5,NA,0,1,0,0,0,0,4
419,242,4,NA,0,1,0,0,0,0,3
420,323,5,NA,0,1,0,0,0,0,10
421,314,4,NA,2,1,2,0,0,0,6
422,348,5,NA,0,1,0,0,0,0,11
423,411,4,NA,0,1,0,0,0,1,10
424,371,5,NA,0,1,0,0,0,1,1
425,269,4,NA,0,1,0,0,0,1,5
426,387,5,NA,0,1,0,0,0,0,10
427,253,4,NA,1,1,2,0,0,0,6
428,256,4,NA,0,1,0,0,0,1,5
429,316,5,NA,2,1,2,0,0,0,8
430,414,5,NA,0,1,0,0,0,0,11
431,384,4,NA,0,1,0,0,0,1,8
432,264,4,NA,0,1,0,0,0,0,4
433,408,4,NA,0,1,0,0,0,1,3
434,413,5,NA,0,1,0,0,0,0,1
435,421,5,NA,0,1,0,0,0,0,10
436,250,4,NA,0,1,0,0,0,1,6
437,354,5,NA,0,1,0,0,0,0,8
438,389,3,NA,0,1,0,0,0,1,3
439,365,5,NA,0,1,0,0,0,1,4
440,427,4,NA,0,1,0,0,0,1,7
441,307,4,NA,0,1,0,0,0,0,8
442,371,5,NA,0,1,0,0,0,0,9
443,384,5,NA,3,1,2,0,0,0,3
444,251,4,NA,0,1,0,0,0,0,2
445,411,5,NA,0,1,0,0,0,0,10
446,313,5,NA,0,1,0,0,0,0,7
447,292,5,NA,0,1,0,0,0,0,11
448,309,4,NA,0,1,0,0,0,0,6
449,361,4,NA,0,1,0,0,0,1,9
450,272,3,NA,0,1,0,0,0,0,10
451,391,5,NA,0,1,0,0,0,1,5
452,402,5,NA,0,1,0,0,0,0,9
453,255,5,NA,0,1,0,0,0,0,2
454,426,5,NA,0,1,0,0,0,1,4
455,264,4,NA,1,1,2,0,0,0,5
456,300,4,NA,0,1,0,0,0,1,7
457,295,4,NA,0,1,0,0,0,0,3
458,368,5,NA,0,1,0,0,0,1,8
459,358,3,NA,0,1,0,0,0,1,9
460,428,4,NA,0,1,0,0,0,1,3
461,357,2,NA,0,1,0,0,0,1,10
462,372,3,NA,0,1,0,0,0,1,6
463,368,5,NA,0,1,0,0,0,0,10
464,274,4,NA,0,1,0,0,0,0,1
465,332,5,NA,0,1,0,0,0,0,11
466,416,5,NA,2,1,2,0,0,0,6
467,323,5,NA,0,1,0,0,0,0,3
468,327,4,NA,3,1,2,0,0,0,4
469,443,5,NA,0,1,0,0,0,1,1
470,400,5,NA,1,1,2,0,0,0,4
471,351,5,NA,0,1,0,0,0,1,1
472,276,4,NA,0,1,0,0,0,1,10
473,346,5,NA,0,1,0,0,0,0,1
474,429,5,NA,1,1,2,0,0,0,1
475,345,4,NA,0,1,0,0,0,0,3
476,358,4,NA,0,1,0,0,0,0,9
477,289,4,NA,3,1,2,0,0,0,8
478,344,4,NA,0,1,0,0,0,1,10
479,375,5,NA,0,1,0,0,0,1,8
480,475,4,NA,0,1,0,0,0,1,7
481,332,5,NA,0,1,0,0,0,0,11
482,479,5,NA,0,1,0,0,0,1,7
483,404,5,NA,0,1,0,0,0,1,5
484,433,4,NA,0,1,0,0,0,1,4
485,337,4,NA,0,1,0,0,0,1,5
486,352,4,NA,0,1,0,0,0,0,9
487,401,3,NA,0,1,0,0,0,1,3
488,332,5,NA,0,1,0,0,0,0,6
489,322,4,NA,0,1,0,0,0,1,7
490,470,5,NA,0,1,0,0,0,1,3
491,469,5,NA,1,1,2,0,0,0,6
492,449,5,NA,0,1,0,0,0,0,1
493,436,5,NA,0,1,0,0,0,0,3
494,324,4,NA,0,1,0,0,0,0,5
495,484,5,NA,0,1,0,0,0,0,3
496,424,5,NA,0,1,0,0,0,1,11
497,489,4,NA,0,1,0,0,0,1,2
498,488,5,NA,0,1,0,0,0,1,11
499,438,3,NA,0,1,0,0,0,1,2
500,463,5,NA,0,1,0,0,0,0,1
501,392,5,NA,0,1,0,0,0,0,1
502,412,3,NA,2,1,2,0,0,0,9
503,394,3,NA,0,1,0,0,0,1,3
504,498,5,NA,0,1,0,0,0,1,6
505,398,3,NA,0,1,0,0,0,1,6
506,329,4,NA,0,1,0,0,0,1,9
507,343,5,NA,0,1,0,0,0,1,3
508,473,5,NA,0,1,0,0,0,1,9
509,478,4,NA,0,1,0,0,0,1,9
510,323,5,NA,0,1,0,0,0,0,7
511,468,5,NA,1,1,2,0,0,0,4
512,410,5,NA,0,1,0,0,0,1,5
513,329,5,NA,0,1,0,0,0,0,10
514,319,5,NA,2,1,2,0,0,0,8
515,461,2,NA,0,1,0,0,0,1,4
516,385,5,NA,0,1,0,0,0,1,3
517,424,5,NA,0,1,0,0,0,0,8
518,416,4,NA,0,1,0,0,0,1,6
519,321,5,NA,0,1,0,0,0,0,11
520,435,5,NA,0,1,0,0,0,1,11
521,383,4,NA,0,1,0,0,0,1,5
522,482,5,NA,0,1,0,0,0,1,11
523,352,4,NA,0,1,0,0,0,0,9
524,333,3,NA,0,1,0,0,0,1,8
525,418,5,NA,0,1,0,0,0,1,9
526,350,5,NA,0,1,0,0,0,0,9
527,350,4,NA,0,1,0,0,0,1,8
528,472,4,NA,0,1,0,0,0,1,5
529,447,5,NA,0,1,0,0,0,1,8
530,386,5,NA,0,1,0,0,0,1,7
531,462,4,NA,0,1,0,0,0,0,3
532,339,3,NA,0,1,0,0,0,1,10
533,360,4,NA,0,1,0,0,0,0,10
534,459,3,NA,0,1,0,0,0,1,10
535,428,5,NA,0,1,0,0,0,0,1
536,448,4,NA,0,1,0,0,0,1,9
537,437,5,NA,0,1,0,0,0,0,3
538,400,5,NA,0,1,0,0,0,0,10
539,362,5,NA,2,1,2,0,0,0,1
540,451,5,NA,0,1,0,0,0,0,10
541,350,5,NA,1,1,2,0,0,0,2
542,536,4,NA,0,1,0,0,0,1,11
543,490,5,NA,0,1,0,0,0,1,5
544,537,5,NA,0,1,0,0,0,1,2
545,521,4,NA,0,1,0,0,0,1,7
546,533,4,NA,0,1,0,0,0,1,1
547,489,5,NA,0,1,0,0,0,0,8
548,491,5,NA,0,1,0,0,0,1,4
549,370,4,NA,0,1,0,0,0,0,1
550,542,5,NA,0,1,0,0,0,0,11
551,366,5,NA,0,1,0,0,0,0,11
552,414,5,NA,0,1,0,0,0,1,4
553,516,5,NA,0,1,0,0,0,0,1
554,489,5,NA,0,1,0,0,0,0,1
555,355,4,NA,0,1,0,0,0,1,4
556,488,5,NA,0,1,0,0,0,0,5
557,374,4,NA,0,1,0,0,0,1,7
558,446,5,NA,0,1,0,0,0,1,8
559,491,5,NA,0,1,0,0,0,0,11
560,365,5,NA,0,1,0,0,0,0,2
561,489,5,NA,0,1,0,0,0,0,9
562,536,5,NA,0,1,0,0,0,0,7
563,423,5,NA,0,1,0,0,0,0,1
564,514,5,NA,0,1,0,0,0,1,8
565,499,3,NA,0,1,0,0,0,1,9
566,436,4,NA,0,1,0,0,0,1,1
567,548,5,NA,0,1,0,0,0,1,4
568,410,5,NA,0,1,0,0,0,0,8
569,425,4,NA,0,1,0,0,0,1,5
570,499,4,NA,3,1,2,0,0,0,8
571,557,5,NA,0,1,0,0,0,0,2
572,521,5,NA,0,1,0,0,0,0,5
573,389,4,NA,0,1,0,0,0,0,2
574,427,5,NA,0,1,0,0,0,0,7
575,532,3,NA,0,1,0,0,0,1,10
576,484,4,NA,0,1,0,0,0,1,6
577,561,5,NA,0,1,0,0,0,1,3
578,399,5,NA,0,1,0,0,0,1,4
579,551,5,NA,0,1,0,0,0,1,8
580,575,4,NA,0,1,0,0,0,0,8
581,471,5,NA,0,1,0,0,0,1,4
582,490,5,NA,0,1,0,0,0,0,3
583,553,5,NA,0,1,0,0,0,0,5
584,476,5,NA,0,1,0,0,0,0,6
585,469,5,NA,0,1,0,0,0,1,10
586,393,5,NA,0,1,0,0,0,1,6
587,464,5,NA,0,1,0,0,0,0,1
588,434,5,NA,0,1,0,0,0,1,10
589,551,5,NA,2,1,2,0,0,0,6
590,396,5,NA,0,1,0,0,0,0,5
591,431,4,NA,0,1,0,0,0,1,7
592,503,3,NA,0,1,0,0,0,1,11
593,590,5,NA,0,1,0,0,0,1,8
594,502,4,NA,0,1,0,0,0,0,8
595,553,5,NA,0,1,0,0,0,1,4
596,479,5,NA,0,1,0,0,0,0,8
597,466,5,NA,1,1,2,0,0,0,11
598,569,5,NA,0,1,0,0,0,0,2
599,421,5,NA,0,1,0,0,0,0,4
600,599,5,NA,0,1,0,0,0,1,6
601,461,3,NA,0,1,0,0,0,0,9
602,504,5,NA,0,1,0,0,0,1,6
603,423,4,NA,0,1,0,0,0,1,8
604,521,5,NA,0,1,0,0,0,0,10
605,408,5,NA,0,1,0,0,0,0,3
606,553,5,NA,0,1,0,0,0,0,5
607,459,4,NA,0,1,0,0,0,0,2
608,484,5,NA,3,1,2,0,0,0,10
609,473,5,NA,0,1,0,0,0,0,8
610,564,5,NA,0,1,0,0,0,0,4
611,570,5,NA,3,1,2,0,0,0,11
612,523,4,NA,0,1,0,0,0,1,4
613,468,4,NA,0,1,0,0,0,1,2
614,603,4,NA,0,1,0,0,0,1,7
615,476,4,NA,0,1,0,0,0,1,9
616,579,5,NA,0,1,0,0,0,1,3
617,485,4,NA,0,1,0,0,0,1,1
618,494,4,NA,0,1,0,0,0,1,10
619,474,5,NA,0,1,0,0,0,0,1
620,476,5,NA,0,1,0,0,0,0,2
621,558,5,NA,0,1,0,0,0,1,9
622,523,5,NA,1,1,2,0,0,0,11
623,453,5,NA,0,1,0,0,0,0,10
624,471,5,NA,0,1,0,0,0,0,8
625,522,5,NA,0,1,0,0,0,0,5
626,441,5,NA,1,1,2,0,0,0,7
627,566,4,NA,0,1,0,0,0,1,10
628,584,5,NA,0,1,0,0,0,0,11
629,491,5,NA,2,1,2,0,0,0,2
630,448,5,NA,3,1,2,0,0,0,11
631,599,5,NA,0,1,0,0,0,0,1
632,609,5,NA,0,1,0,0,0,0,5
633,520,5,NA,3,1,2,0,0,0,5
634,484,5,NA,0,1,0,0,0,0,4
635,512,5,NA,0,1,0,0,0,0,1
636,569,4,NA,0,1,0,0,0,1,6
637,621,5,NA,0,1,0,0,0,0,5
638,564,5,NA,0,1,0,0,0,0,3
639,519,5,NA,0,1,0,0,0,0,11
640,457,4,NA,0,1,0,0,0,1,5
641,500,5,NA,3,1,2,0,0,0,4
642,524,3,NA,0,1,0,0,0,1,8
643,601,4,NA,0,1,0,0,0,0,11
644,458,5,NA,0,1,0,0,0,0,6
645,474,5,NA,0,1,0,0,0,1,1
646,555,4,NA,0,1,0,0,0,1,8
647,450,3,NA,0,1,0,0,0,1,4
648,460,4,NA,0,1,0,0,0,1,7
649,520,5,NA,0,1,0,0,0,0,6
650,482,5,NA,0,1,0,0,0,0,2
651,508,5,NA,0,1,0,0,0,1,9
652,550,5,NA,0,1,0,0,0,0,6
653,645,5,NA,0,1,0,0,0,0,1
654,462,3,NA,0,1,0,0,0,1,2
655,630,5,NA,0,1,0,0,0,1,6
656,497,5,NA,0,1,0,0,0,0,4
657,656,5,NA,0,1,0,0,0,1,1
658,472,5,NA,0,1,0,0,0,0,8
659,609,5,NA,1,1,2,0,0,0,2
660,610,5,NA,0,1,0,0,0,0,2
661,564,5,NA,0,1,0,0,0,1,4
662,626,5,NA,3,1,2,0,0,0,9
663,609,5,NA,0,1,0,0,0,1,3
664,563,5,NA,0,1,0,0,0,1,2
665,467,5,NA,0,1,0,0,0,0,1
666,625,5,NA,0,1,0,0,0,1,6
667,526,5,NA,0,1,0,0,0,1,10
668,650,5,NA,0,1,0,0,0,1,8
669,629,5,NA,0,1,0,0,0,0,8
670,520,5,NA,0,1,0,0,0,1,5
671,533,5,NA,1,1,2,0,0,0,10
672,477,4,NA,0,1,0,0,0,1,6
673,608,5,NA,0,1,0,0,0,1,3
674,500,5,NA,0,1,0,0,0,1,1
675,581,5,NA,0,1,0,0,0,1,2
676,616,5,NA,0,1,0,0,0,1,3
677,554,5,NA,0,1,0,0,0,1,10
678,608,5,NA,0,1,0,0,0,0,9
679,533,5,NA,0,1,0,0,0,0,2
680,609,5,NA,0,1,0,0,0,0,2
681,627,4,NA,0,1,0,0,0,1,6
682,616,5,NA,0,1,0,0,0,0,2
683,531,4,NA,0,1,0,0,0,1,1
684,525,5,NA,2,1,2,0,0,0,4
685,571,5,NA,0,1,0,0,0,0,9
686,607,4,NA,0,1,0,0,0,1,2
687,644,5,NA,0,1,0,0,0,1,10
688,631,5,NA,0,1,0,0,0,1,6
689,598,5,NA,0,1,0,0,0,0,9
690,529,5,NA,0,1,0,0,0,0,7
691,533,5,NA,2,1,2,0,0,0,4
692,625,5,NA,0,1,0,0,0,0,4
693,561,5,NA,1,1,2,0,0,0,1
694,572,5,NA,0,1,0,0,0,0,11
695,612,4,NA,0,1,0,0,0,1,6
696,666,5,NA,0,1,0,0,0,1,11
697,518,4,NA,0,1,0,0,0,1,8
698,538,5,NA,0,1,0,0,0,1,4
699,573,4,NA,0,1,0,0,0,1,5
700,544,5,NA,0,1,0,0,0,1,7
701,667,5,NA,0,1,0,0,0,0,10
702,637,5,NA,0,1,0,0,0,1,11
703,551,5,NA,0,1,0,0,0,0,10
704,611,5,NA,0,1,0,0,0,1,5
705,685,5,NA,0,1,0,0,0,1,7
706,696,5,NA,0,1,0,0,0,1,4
707,567,5,NA,0,1,0,0,0,1,4
708,623,5,NA,0,1,0,0,0,0,1
709,685,5,NA,0,1,0,0,0,0,2
710,665,5,NA,0,1,0,0,0,1,3
711,603,5,NA,0,1,0,0,0,0,7
712,573,5,NA,0,1,0,0,0,0,10
713,559,5,NA,0,1,0,0,0,0,10
714,696,5,NA,0,1,0,0,0,0,3
715,587,5,NA,0,1,0,0,0,1,2
716,676,5,NA,0,1,0,0,0,0,4
717,519,5,NA,0,1,0,0,0,1,5
718,598,5,NA,0,1,0,0,0,1,1
719,702,5,NA,0,1,0,0,0,1,5
720,588,5,NA,0,1,0,0,0,1,4
721,651,5,NA,0,1,0,0,0,1,4
722,642,3,NA,0,1,0,0,0,1,3
723,680,5,NA,0,1,0,0,0,1,4
724,600,5,NA,0,1,0,0,0,0,5
725,681,4,NA,0,1,0,0,0,1,5
726,593,5,NA,0,1,0,0,0,1,7
727,695,5,NA,0,1,0,0,0,0,1
728,594,4,NA,0,1,0,0,0,1,4
729,558,5,NA,0,1,0,0,0,0,3
730,718,5,NA,0,1,0,0,0,1,7
731,670,5,NA,0,1,0,0,0,0,10
732,544,5,NA,0,1,0,0,0,0,9
733,534,4,NA,0,1,0,0,0,0,7
734,583,5,NA,0,1,0,0,0,0,7
735,548,5,NA,0,1,0,0,0,0,10
736,668,5,NA,0,1,0,0,0,0,2
737,601,4,NA,0,1,0,0,0,0,3
738,724,5,NA,0,1,0,0,0,1,10
739,540,5,NA,0,1,0,0,0,1,4
740,553,5,NA,0,1,0,0,0,0,2
741,722,4,NA,0,1,0,0,0,0,6
742,577,5,NA,0,1,0,0,0,0,10
743,706,5,NA,0,1,0,0,0,0,1
744,585,5,NA,0,1,0,0,0,1,3
745,652,5,NA,0,1,0,0,0,1,9
746,710,5,NA,0,1,0,0,0,1,5
747,699,4,NA,0,1,0,0,0,1,3
748,602,5,NA,0,1,0,0,0,1,8
749,553,5,NA,0,1,0,0,0,0,4
750,580,4,NA,0,1,0,0,0,1,9
751,637,5,NA,0,1,0,0,0,0,5
752,750,4,NA,0,1,0,0,0,1,7
753,645,5,NA,1,1,2,0,0,0,5
754,593,5,NA,0,1,0,0,0,0,10
755,607,5,NA,0,1,0,0,0,0,4
756,741,4,NA,0,1,0,0,0,1,8
757,664,5,NA,0,1,0,0,0,0,7
758,575,3,NA,0,1,0,0,0,1,2
759,582,5,NA,0,1,0,0,0,1,10
760,591,4,NA,0,1,0,0,0,1,2
761,607,5,NA,0,1,0,0,0,0,1
762,604,5,NA,0,1,0,0,0,1,10
763,716,5,NA,0,1,0,0,0,1,5
764,579,5,NA,0,1,0,0,0,0,6
765,664,5,NA,0,1,0,0,0,0,4
766,760,5,NA,0,1,0,0,0,0,8
767,588,5,NA,0,1,0,0,0,0,9
768,720,5,NA,0,1,0,0,0,1,3
769,740,5,NA,0,1,0,0,0,1,5
770,589,5,NA,0,1,0,0,0,1,7
771,588,5,NA,0,1,0,0,0,0,11
772,591,5,NA,0,1,0,0,0,0,4
773,725,4,NA,0,1,0,0,0,1,3
774,746,5,NA,0,1,0,0,0,1,4
775,614,4,NA,0,1,0,0,0,1,6
776,770,5,NA,0,1,0,0,0,1,7
777,658,5,NA,0,1,0,0,0,1,9
778,604,5,NA,0,1,0,0,0,0,5
779,697,5,NA,3,1,2,0,0,0,10
780,735,5,NA,0,1,0,0,0,1,3
781,777,5,NA,0,1,0,0,0,1,11
782,719,5,NA,1,1,2,0,0,0,8
783,667,5,NA,0,1,0,0,0,1,4
784,665,5,NA,0,1,0,0,0,0,5
785,586,5,NA,0,1,0,0,0,0,4
786,741,5,NA,0,1,0,0,0,0,6
787,648,5,NA,0,1,0,0,0,0,2
788,590,5,NA,0,1,0,0,0,0,11
789,620,5,NA,0,1,0,0,0,0,3
790,741,5,NA,1,1,2,0,0,0,8
791,656,5,NA,0,1,0,0,0,0,7
792,595,5,NA,0,1,0,0,0,1,7
793,623,5,NA,0,1,0,0,0,1,11
794,750,5,NA,1,1,2,0,0,0,6
795,622,5,NA,3,1,2,0,0,0,5
796,788,5,NA,0,1,0,0,0,1,1
797,674,5,NA,0,1,0,0,0,0,8
798,618,4,NA,0,1,0,0,0,1,11
799,609,5,NA,3,1,2,0,0,0,9
800,609,5,NA,2,1,2,0,0,0,1
801,662,5,NA,0,1,0,0,0,1,2
802,656,5,NA,0,1,0,0,0,0,6
803,744,5,NA,0,1,0,0,0,0,11
804,625,5,NA,0,1,0,0,0,0,9
805,685,5,NA,0,1,0,0,0,0,6
806,668,5,NA,0,1,0,0,0,1,7
807,778,5,NA,0,1,0,0,0,0,3
808,742,5,NA,0,1,0,0,0,0,8
809,747,4,NA,0,1,0,0,0,1,3
810,742,5,NA,0,1,0,0,0,1,8
811,808,5,NA,0,1,0,0,0,1,1
812,627,5,NA,0,1,0,0,0,0,1
813,628,5,NA,0,1,0,0,0,0,6
814,631,5,NA,0,1,0,0,0,0,9
815,789,5,NA,0,1,0,0,0,1,11
816,752,5,NA,0,1,0,0,0,0,11
817,631,5,NA,0,1,0,0,0,0,6
818,803,5,NA,0,1,0,0,0,0,10
819,735,5,NA,0,1,0,0,0,0,5
820,638,5,NA,0,1,0,0,0,1,11
821,706,5,NA,0,1,0,0,0,1,2
822,654,4,NA,2,1,2,0,0,0,1
823,641,5,NA,0,1,0,0,0,1,11
824,820,5,NA,0,1,0,0,0,0,2
825,676,5,NA,0,1,0,0,0,0,10
826,708,5,NA,0,1,0,0,0,0,2
827,732,5,NA,0,1,0,0,0,1,7
828,803,5,NA,0,1,0,0,0,1,3
829,673,5,NA,0,1,0,0,0,1,11
830,717,5,NA,0,1,0,0,0,1,9
831,747,5,NA,0,1,0,0,0,0,10
832,721,5,NA,0,1,0,0,0,0,8
833,684,5,NA,0,1,0,0,0,0,4
834,670,5,NA,0,1,0,0,0,1,3
835,727,5,NA,0,1,0,0,0,1,2
836,748,5,NA,0,1,0,0,0,0,5
837,789,5,NA,0,1,0,0,0,0,4
838,711,5,NA,0,1,0,0,0,1,11
839,670,5,NA,0,1,0,0,0,0,4
840,836,5,NA,0,1,0,0,0,1,2
841,837,5,NA,0,1,0,0,0,1,3
842,754,5,NA,0,1,0,0,0,1,10
843,813,5,NA,0,1,0,0,0,1,3
844,771,5,NA,0,1,0,0,0,1,6
845,777,5,NA,0,1,0,0,0,0,2
846,832,5,NA,0,1,0,0,0,1,2
847,834,5,NA,0,1,0,0,0,0,6
848,760,5,NA,3,1,2,0,0,0,6
849,818,5,NA,0,1,0,0,0,1,6
850,726,5,NA,0,1,0,0,0,1,11
851,792,5,NA,0,1,0,0,0,1,4
852,753,5,NA,0,1,0,0,0,0,11
853,768,5,NA,0,1,0,0,0,1,6
854,771,5,NA,0,1,0,0,0,0,7
855,691,5,NA,0,1,0,0,0,1,8
856,737,5,NA,0,1,0,0,0,0,9
857,807,5,NA,0,1,0,0,0,1,3
858,757,5,NA,0,1,0,0,0,1,7
859,665,5,NA,0,1,0,0,0,0,10
860,799,5,NA,0,1,0,0,0,1,3
861,740,5,NA,0,1,0,0,0,0,2
862,861,5,NA,0,1,0,0,0,1,11
863,751,5,NA,0,1,0,0,0,0,1
864,849,5,NA,0,1,0,0,0,0,8
865,796,5,NA,2,1,2,0,0,0,6
866,826,5,NA,0,1,0,0,0,1,5
867,853,5,NA,0,1,0,0,0,0,3
868,776,5,NA,0,1,0,0,0,1,5
869,809,4,NA,0,1,0,0,0,1,4
870,854,5,NA,0,1,0,0,0,0,6
871,849,5,NA,0,1,0,0,0,0,10
872,857,5,NA,0,1,0,0,0,0,9
873,729,5,NA,0,1,0,0,0,1,5
874,808,5,NA,0,1,0,0,0,0,9
875,851,5,NA,0,1,0,0,0,0,3
876,784,5,NA,0,1,0,0,0,1,6
877,822,4,NA,0,1,0,0,0,1,7
878,703,5,NA,3,1,2,0,0,0,10
879,792,5,NA,0,1,0,0,0,0,8
880,735,5,NA,0,1,0,0,0,0,6
881,742,5,NA,0,1,0,0,0,0,7
882,793,5,NA,0,1,0,0,0,1,9
883,802,5,NA,0,1,0,0,0,0,10
884,816,5,NA,0,1,0,0,0,1,4
885,771,5,NA,0,1,0,0,0,0,10
886,692,5,NA,0,1,0,0,0,0,11
887,770,5,NA,0,1,0,0,0,0,4
888,761,5,NA,0,1,0,0,0,1,6
889,734,5,NA,0,1,0,0,0,1,9
890,800,5,NA,0,1,0,0,0,1,2
891,853,5,NA,0,1,0,0,0,0,10
892,865,5,NA,0,1,0,0,0,0,7
893,867,5,NA,0,1,0,0,0,0,8
894,763,5,NA,0,1,0,0,0,1,8
895,878,5,NA,0,1,0,0,0,1,8
896,743,5,NA,0,1,0,0,0,0,2
897,829,5,NA,0,1,0,0,0,1,8
898,748,5,NA,0,1,0,0,0,1,11
899,733,5,NA,2,1,2,0,0,0,4
900,718,5,NA,0,1,0,0,0,0,1
901,854,5,NA,0,1,0,0,0,0,6
902,802,5,NA,1,1,2,0,0,0,3
903,779,5,NA,1,1,2,0,0,0,2
904,885,5,NA,0,1,0,0,0,0,6
905,886,5,NA,0,1,0,0,0,1,3
906,809,5,NA,0,1,0,0,0,0,5
907,813,5,NA,0,1,0,0,0,0,6
908,765,5,NA,0,1,0,0,0,1,5
909,796,5,NA,0,1,0,0,0,1,6
910,859,5,NA,0,1,0,0,0,1,11
911,712,5,NA,0,1,0,0,0,1,1
912,797,5,NA,0,1,0,0,0,1,1
913,743,5,NA,0,1,0,0,0,1,6
914,888,5,NA,0,1,0,0,0,1,4
915,799,5,NA,0,1,0,0,0,0,4
916,813,5,NA,0,1,0,0,0,0,10
917,821,5,NA,0,1,0,0,0,0,5
918,805,5,NA,0,1,0,0,0,0,3
919,892,5,NA,0,1,0,0,0,1,6
920,794,5,NA,0,1,0,0,0,1,10
921,875,5,NA,0,1,0,0,0,1,5
922,730,5,NA,0,1,0,0,0,1,3
923,893,5,NA,3,1,2,0,0,0,2
924,791,5,NA,0,1,0,0,0,0,2
925,741,5,NA,0,1,0,0,0,0,3
926,909,5,NA,0,1,0,0,0,0,1
927,875,5,NA,0,1,0,0,0,0,8
928,831,5,NA,0,1,0,0,0,1,10
929,845,5,NA,0,1,0,0,0,1,1
930,765,5,NA,0,1,0,0,0,0,11
931,749,5,NA,0,1,0,0,0,1,2
932,776,5,NA,2,1,2,0,0,0,7
933,782,5,NA,0,1,0,0,0,1,4
934,794,5,NA,0,1,0,0,0,0,3
935,795,5,NA,0,1,0,0,0,1,2
936,851,5,NA,0,1,0,0,0,0,8
937,747,5,NA,0,1,0,0,0,0,3
938,868,5,NA,0,1,0,0,0,0,5
939,822,5,NA,0,1,0,0,0,0,10
940,752,5,NA,1,1,2,0,0,0,8
941,748,5,NA,0,1,0,0,0,0,4
942,808,5,NA,0,1,0,0,0,0,1
943,756,4,NA,0,1,0,0,0,1,6
944,902,5,NA,0,1,0,0,0,1,2
945,824,5,NA,0,1,0,0,0,1,11
946,923,5,NA,0,1,0,0,0,1,4
947,818,5,NA,2,1,2,0,0,0,1
948,825,5,NA,0,1,0,0,0,0,10
949,829,5,NA,1,1,2,0,0,0,6
950,877,4,NA,0,1,0,0,0,1,3
951,917,5,NA,0,1,0,0,0,1,2
952,841,5,NA,0,1,0,0,0,1,5
953,910,5,NA,0,1,0,0,0,1,6
954,787,5,NA,0,1,0,0,0,0,10
955,846,5,NA,0,1,0,0,0,0,3
956,917,5,NA,1,1,2,0,0,0,8
957,889,5,NA,0,1,0,0,0,1,1
958,887,5,NA,0,1,0,0,0,0,10
959,829,5,NA,0,1,0,0,0,0,1
960,944,5,NA,0,1,0,0,0,1,9
961,770,5,NA,0,1,0,0,0,0,7
962,926,5,NA,3,1,2,0,0,0,3
963,870,5,NA,0,1,0,0,0,1,6
964,906,5,NA,0,1,0,0,0,0,11
965,914,5,NA,0,1,0,0,0,1,11
966,934,5,NA,0,1,0,0,0,0,11
967,921,5,NA,0,1,0,0,0,1,9
968,966,5,NA,0,1,0,0,0,0,9
969,863,5,NA,0,1,0,0,0,1,3
970,782,5,NA,0,1,0,0,0,0,1
971,929,5,NA,0,1,0,0,0,0,9
972,948,5,NA,0,1,0,0,0,1,11
973,877,5,NA,0,1,0,0,0,0,7
974,806,5,NA,0,1,0,0,0,0,4
975,862,5,NA,0,1,0,0,0,1,4
976,784,5,NA,0,1,0,0,0,0,3
977,949,5,NA,0,1,0,0,0,1,11
978,865,5,NA,2,1,2,0,0,0,7
979,893,5,NA,0,1,0,0,0,1,8
980,928,5,NA,0,1,0,0,0,1,9
981,888,5,NA,0,1,0,0,0,0,9
982,966,5,NA,0,1,0,0,0,1,11
983,966,5,NA,0,1,0,0,0,0,2
984,816,5,NA,0,1,0,0,0,0,5
985,939,5,NA,0,1,0,0,0,0,8
986,970,5,NA,0,1,0,0,0,1,4
987,855,5,NA,0,1,0,0,0,0,7
988,869,4,NA,0,1,0,0,0,1,1
989,925,5,NA,3,1,2,0,0,0,7
990,884,5,NA,0,1,0,0,0,0,4
991,798,4,NA,0,1,0,0,0,1,4
992,953,5,NA,0,1,0,0,0,0,7
993,793,5,NA,0,1,0,0,0,0,7
994,908,5,NA,0,1,0,0,0,0,3
995,925,5,NA,0,1,0,0,0,1,2
996,926,5,NA,0,1,0,0,0,0,7
997,921,5,NA,0,1,0,0,0,0,7
998,811,5,NA,0,1,0,0,0,1,10
999,928,5,NA,2,1,2,0,0,0,2
1000,949,5,NA,0,1,0,0,0,0,6
1001,905,5,NA,0,1,0,0,0,1,2
1002,877,5,NA,1,1,2,0,0,0,11
1003,823,5,NA,0,1,0,0,0,1,9
1004,929,5,NA,0,1,0,0,0,1,9
1005,938,5,NA,3,1,2,0,0,0,6
1006,893,5,NA,0,1,0,0,0,0,6
1007,880,5,NA,0,1,0,0,0,1,3
1008,956,5,NA,0,1,0,0,0,1,9
1009,909,5,NA,0,1,0,0,0,0,5
1010,828,5,NA,0,1,0,0,0,1,4
1011,954,5,NA,0,1,0,0,0,0,2
1012,856,5,NA,0,1,0,0,0,1,2
1013,936,5,NA,0,1,0,0,0,0,3
1014,975,5,NA,0,1,0,0,0,1,3
1015,969,5,NA,0,1,0,0,0,1,11
1016,955,5,NA,0,1,0,0,0,1,2
1017,984,5,NA,0,1,0,0,0,1,5
1018,1012,5,NA,0,1,0,0,0,0,4
1019,857,5,NA,0,1,0,0,0,1,11
1020,982,5,NA,0,1,0,0,0,1,8
1021,981,5,NA,0,1,0,0,0,0,6
1022,977,5,NA,0,1,0,0,0,0,6
1023,886,5,NA,0,1,0,0,0,0,3
1024,1002,5,NA,0,1,0,0,0,1,6
1025,878,5,NA,0,1,0,0,0,0,10
1026,836,5,NA,0,1,0,0,0,0,3
1027,908,5,NA,0,1,0,0,0,0,6
1028,917,5,NA,0,1,0,0,0,0,10
1029,1011,5,NA,0,1,0,0,0,0,9
1030,874,5,NA,0,1,0,0,0,0,3
1031,950,4,NA,0,1,0,0,0,1,6
1032,832,5,NA,0,1,0,0,0,0,10
1033,841,5,NA,3,1,2,0,0,0,2
1034,959,5,NA,0,1,0,0,0,0,6
1035,1013,5,NA,0,1,0,0,0,0,10
1036,858,5,NA,0,1,0,0,0,1,9
1037,1028,5,NA,0,1,0,0,0,0,9
1038,865,5,NA,0,1,0,0,0,1,11
1039,918,5,NA,0,1,0,0,0,0,10
1040,934,5,NA,0,1,0,0,0,1,6
1041,983,5,NA,0,1,0,0,0,1,9
1042,951,5,NA,0,1,0,0,0,1,3
1043,958,5,NA,0,1,0,0,0,1,9
1044,942,5,NA,0,1,0,0,0,1,11
1045,924,5,NA,0,1,0,0,0,1,7
1046,895,5,NA,0,1,0,0,0,1,6
1047,993,5,NA,0,1,0,0,0,0,4
1048,1043,5,NA,0,1,0,0,0,1,3
1049,960,5,NA,0,1,0,0,0,0,10
1050,902,5,NA,0,1,0,0,0,0,2
1051,1000,5,NA,0,1,0,0,0,1,3
1052,1036,5,NA,0,1,0,0,0,1,6
1053,869,5,NA,0,1,0,0,0,0,4
1054,865,5,NA,0,1,0,0,0,0,4
1055,927,5,NA,0,1,0,0,0,0,7
1056,860,5,NA,0,1,0,0,0,0,3
1057,879,5,NA,0,1,0,0,0,0,11
1058,1050,5,NA,0,1,0,0,0,1,10
1059,949,5,NA,0,1,0,0,0,0,8
1060,1045,5,NA,0,1,0,0,0,0,2
1061,995,5,NA,0,1,0,0,0,1,7
1062,907,5,NA,0,1,0,0,0,1,7
1063,965,5,NA,0,1,0,0,0,1,8
1064,1026,5,NA,0,1,0,0,0,0,4
1065,869,5,NA,0,1,0,0,0,0,10
1066,1063,5,NA,0,1,0,0,0,1,2
1067,1039,5,NA,0,1,0,0,0,1,9
1068,1049,5,NA,0,1,0,0,0,1,6
1069,961,5,NA,0,1,0,0,0,0,6
1070,915,5,NA,0,1,0,0,0,0,6
1071,920,5,NA,0,1,0,0,0,1,7
1072,909,5,NA,0,1,0,0,0,0,4
1073,1072,5,NA,0,1,0,0,0,0,10
1074,986,5,NA,0,1,0,0,0,1,5
1075,891,5,NA,0,1,0,0,0,1,5
1076,882,5,NA,0,1,0,0,0,1,3
1077,934,5,NA,3,1,2,0,0,0,5
1078,925,5,NA,0,1,0,0,0,0,3
1079,886,5,NA,0,1,0,0,0,0,5
1080,901,5,NA,0,1,0,0,0,1,8
1081,991,5,NA,0,1,0,0,0,0,4
1082,984,5,NA,0,1,0,0,0,0,5
1083,1001,5,NA,0,1,0,0,0,0,9
1084,994,5,NA,0,1,0,0,0,1,5
1085,1074,5,NA,0,1,0,0,0,1,6
1086,901,5,NA,0,1,0,0,0,0,2
1087,1061,5,NA,0,1,0,0,0,1,8
1088,986,5,NA,1,1,2,0,0,0,5
1089,966,5,NA,0,1,0,0,0,0,9
1090,1080,5,NA,0,1,0,0,0,1,4
1091,1090,5,NA,0,1,0,0,0,1,7
1092,962,5,NA,0,1,0,0,0,1,8
1093,998,5,NA,0,1,0,0,0,1,4
1094,934,5,NA,0,1,0,0,0,0,2
1095,968,5,NA,0,1,0,0,0,0,5
1096,1047,5,NA,0,1,0,0,0,1,2
1097,898,5,NA,0,1,0,0,0,1,7
1098,1022,5,NA,0,1,0,0,0,1,6
1099,982,5,NA,0,1,0,0,0,0,9
1100,1048,5,NA,0,1,0,0,0,1,3
1101,1098,5,NA,0,1,0,0,0,0,10
1102,1065,5,NA,0,1,0,0,0,0,9
1103,971,5,NA,0,1,0,0,0,0,2
1104,945,5,NA,0,1,0,0,0,1,9
1105,1047,5,NA,0,1,0,0,0,0,2
1106,991,4,NA,0,1,0,0,0,1,4
1107,943,5,NA,0,1,0,0,0,0,5
1108,933,5,NA,0,1,0,0,0,1,10
1109,1075,5,NA,0,1,0,0,0,0,1
1110,1048,5,NA,3,1,2,0,0,0,5
1111,986,5,NA,0,1,0,0,0,0,4
1112,927,5,NA,0,1,0,0,0,0,6
1113,950,5,NA,0,1,0,0,0,0,10
1114,1069,5,NA,0,1,0,0,0,1,4
1115,994,5,NA,0,1,0,0,0,0,4
1116,956,5,NA,1,1,2,0,0,0,7
1117,1006,5,NA,0,1,0,0,0,1,2
1118,1094,5,NA,0,1,0,0,0,1,7
1119,950,5,NA,0,1,0,0,0,0,3
1120,934,5,NA,0,1,0,0,0,0,4
1121,958,5,NA,0,1,0,0,0,0,5
1122,967,5,NA,3,1,2,0,0,0,6
1123,1044,5,NA,0,1,0,0,0,1,7
1124,1022,5,NA,0,1,0,0,0,0,10
1125,1075,5,NA,0,1,0,0,0,0,11
1126,997,5,NA,0,1,0,0,0,0,2
1127,1045,5,NA,0,1,0,0,0,1,6
1128,1108,5,NA,0,1,0,0,0,0,8
1129,959,5,NA,0,1,0,0,0,0,7
1130,1043,5,NA,0,1,0,0,0,0,2
1131,999,5,NA,0,1,0,0,0,1,1
1132,991,5,NA,2,1,2,0,0,0,6
1133,1119,5,NA,0,1,0,0,0,0,6
1134,1105,5,NA,0,1,0,0,0,1,4
1135,1022,5,NA,0,1,0,0,0,0,5
1136,1001,5,NA,0,1,0,0,0,0,1
1137,993,5,NA,0,1,0,0,0,0,2
1138,1042,5,NA,0,1,0,0,0,0,7
1139,1130,5,NA,0,1,0,0,0,0,9
1140,1131,5,NA,0,1,0,0,0,1,11
1141,1040,5,NA,0,1,0,0,0,1,4
1142,967,5,NA,0,1,0,0,0,1,6
1143,951,5,NA,0,1,0,0,0,0,3
1144,1038,5,NA,0,1,0,0,0,1,9
1145,1085,5,NA,0,1,0,0,0,1,3
1146,1086,5,NA,0,1,0,0,0,1,10
1147,1031,5,NA,0,1,0,0,0,0,4
1148,1089,5,NA,2,1,2,0,0,0,10
1149,1119,5,NA,0,1,0,0,0,1,7
1150,1113,5,NA,0,1,0,0,0,1,6
1151,1039,5,NA,0,1,0,0,0,0,8
1152,1006,5,NA,0,1,0,0,0,0,7
1153,1053,5,NA,0,1,0,0,0,1,2
1154,958,5,NA,1,1,2,0,0,0,5
1155,1015,5,NA,0,1,0,0,0,1,8
1156,1114,5,NA,0,1,0,0,0,1,9
1157,1021,5,NA,0,1,0,0,0,0,10
1158,1155,5,NA,0,1,0,0,0,0,4
1159,980,5,NA,2,1,2,0,0,0,7
1160,1040,5,NA,0,1,0,0,0,0,3
1161,1076,5,NA,0,1,0,0,0,1,10
1162,1096,5,NA,0,1,0,0,0,1,5
1163,1096,5,NA,0,1,0,0,0,0,1
1164,1129,5,NA,0,1,0,0,0,1,7
1165,1049,5,NA,0,1,0,0,0,0,5
1166,1029,5,NA,0,1,0,0,0,1,11
1167,1065,5,NA,0,1,0,0,0,0,6
1168,970,5,NA,0,1,0,0,0,0,1
1169,1069,5,NA,0,1,0,0,0,0,8
1170,1111,5,NA,0,1,0,0,0,0,11
1171,1028,5,NA,0,1,0,0,0,1,1
1172,985,5,NA,0,1,0,0,0,1,7
1173,1109,5,NA,0,1,0,0,0,1,1
1174,1051,5,NA,0,1,0,0,0,1,6
1175,1020,5,NA,0,1,0,0,0,1,9
1176,1094,5,NA,0,1,0,0,0,0,8
1177,1122,5,NA,0,1,0,0,0,0,10
1178,1043,5,NA,3,1,2,0,0,0,5
1179,1161,5,NA,0,1,0,0,0,1,5
1180,1034,5,NA,0,1,0,0,0,0,9
1181,1065,5,NA,0,1,0,0,0,0,7
1182,1096,5,NA,0,1,0,0,0,0,7
1183,998,5,NA,2,1,2,0,0,0,5
1184,1106,5,NA,0,1,0,0,0,0,2
1185,1024,5,NA,0,1,0,0,0,0,11
1186,1161,5,NA,0,1,0,0,0,0,4
1187,1129,5,NA,0,1,0,0,0,0,6
1188,1033,5,NA,0,1,0,0,0,0,4
1189,1012,5,NA,0,1,0,0,0,1,5
1190,1119,5,NA,0,1,0,0,0,0,2
1191,1159,5,NA,0,1,0,0,0,1,3
1192,1120,5,NA,0,1,0,0,0,0,11
1193,1149,5,NA,0,1,0,0,0,0,5
1194,1114,5,NA,0,1,0,0,0,0,2
1195,1156,5,NA,0,1,0,0,0,1,4
1196,1172,5,NA,0,1,0,0,0,1,6
1197,1027,5,NA,0,1,0,0,0,1,11
1198,1069,5,NA,0,1,0,0,0,0,6
1199,1045,5,NA,0,1,0,0,0,0,10
1200,1082,5,NA,1,1,2,0,0,0,7
1201,1126,5,NA,0,1,0,0,0,1,4
1202,1061,5,NA,0,1,0,0,0,0,2
1203,1119,5,NA,0,1,0,0,0,0,11
1204,1105,5,NA,1,1,2,0,0,0,6
1205,1051,5,NA,2,1,2,0,0,0,9
1206,1111,5,NA,0,1,0,0,0,1,5
1207,1050,5,NA,0,1,0,0,0,0,7
1208,1155,5,NA,0,1,0,0,0,1,11
1209,1129,5,NA,0,1,0,0,0,0,10
1210,1051,5,NA,1,1,2,0,0,0,7
1211,1038,5,NA,0,1,0,0,0,0,5
1212,1093,5,NA,0,1,0,0,0,1,6
1213,1163,5,NA,0,1,0,0,0,1,2
1214,1117,5,NA,0,1,0,0,0,1,1
1215,1171,5,NA,0,1,0,0,0,0,4
1216,1083,5,NA,0,1,0,0,0,1,7
1217,1020,5,NA,0,1,0,0,0,0,7
1218,1140,5,NA,0,1,0,0,0,1,1
1219,1204,5,NA,0,1,0,0,0,0,7
1220,1128,5,NA,0,1,0,0,0,0,1
1221,1094,5,NA,0,1,0,0,0,0,1
1222,1077,5,NA,0,1,0,0,0,1,10
1223,1167,5,NA,0,1,0,0,0,1,6
1224,1065,5,NA,0,1,0,0,0,1,7
1225,1167,5,NA,0,1,0,0,0,0,11
1226,1149,5,NA,0,1,0,0,0,0,1
1227,1051,5,NA,0,1,0,0,0,0,10
1228,1062,5,NA,0,1,0,0,0,1,9
1229,1084,5,NA,0,1,0,0,0,1,2
1230,1086,5,NA,0,1,0,0,0,0,4
1231,1217,5,NA,0,1,0,0,0,1,7
1232,1158,5,NA,2,1,2,0,0,0,4
1233,1139,5,NA,0,1,0,0,0,1,8
1234,1186,5,NA,2,1,2,0,0,0,2
1235,1088,5,NA,0,1,0,0,0,1,4
1236,1101,5,NA,0,1,0,0,0,1,9
1237,1222,5,NA,0,1,0,0,0,0,10
1238,1118,5,NA,0,1,0,0,0,1,10
1239,1041,5,NA,0,1,0,0,0,1,2
1240,1071,5,NA,0,1,0,0,0,0,7
1241,1240,5,NA,0,1,0,0,0,0,2
1242,1128,5,NA,0,1,0,0,0,0,10
1243,1200,5,NA,0,1,0,0,0,1,2
1244,1056,5,NA,0,1,0,0,0,1,10
1245,1224,5,NA,0,1,0,0,0,0,4
1246,1063,5,NA,0,1,0,0,0,0,4
1247,1113,5,NA,0,1,0,0,0,0,9
1248,1155,5,NA,0,1,0,0,0,0,1
1249,1226,5,NA,0,1,0,0,0,1,6
1250,1065,5,NA,0,1,0,0,0,0,6
1251,1220,5,NA,0,1,0,0,0,1,5
1252,1125,5,NA,0,1,0,0,0,1,2
1253,1105,5,NA,0,1,0,0,0,0,11
1254,1221,5,NA,0,1,0,0,0,1,2
1255,1192,5,NA,0,1,0,0,0,0,2
1256,1249,5,NA,0,1,0,0,0,0,1
1257,1234,5,NA,0,1,0,0,0,0,11
1258,1091,5,NA,0,1,0,0,0,1,1
1259,1196,5,NA,0,1,0,0,0,1,6
1260,1203,5,NA,0,1,0,0,0,0,5
1261,1160,5,NA,0,1,0,0,0,1,10
1262,1088,5,NA,0,1,0,0,0,0,11
1263,1118,5,NA,0,1,0,0,0,0,10
1264,1216,5,NA,0,1,0,0,0,0,5
1265,1163,5,NA,3,1,2,0,0,0,5
1266,1068,5,NA,0,1,0,0,0,0,1
1267,1145,5,NA,0,1,0,0,0,0,7
1268,1149,5,NA,0,1,0,0,0,1,1
1269,1101,5,NA,0,1,0,0,0,0,9
1270,1167,5,NA,0,1,0,0,0,0,9
1271,1260,5,NA,3,1,2,0,0,0,11
1272,1168,5,NA,0,1,0,0,0,0,6
1273,1252,5,NA,0,1,0,0,0,1,2
1274,1180,5,NA,0,1,0,0,0,1,1
1275,1133,5,NA,0,1,0,0,0,1,7
1276,1166,5,NA,0,1,0,0,0,0,3
1277,1091,5,NA,0,1,0,0,0,0,9
1278,1153,5,NA,0,1,0,0,0,1,9
1279,1160,5,NA,0,1,0,0,0,0,3
1280,1253,5,NA,0,1,0,0,0,1,8
1281,1116,5,NA,0,1,0,0,0,1,11
1282,1166,5,NA,0,1,0,0,0,0,1
1283,1171,5,NA,0,1,0,0,0,1,7
1284,1248,5,NA,0,1,0,0,0,0,11
1285,1267,5,NA,3,1,2,0,0,0,7
1286,1193,5,NA,0,1,0,0,0,1,8
1287,1143,5,NA,0,1,0,0,0,0,8
1288,1247,5,NA,0,1,0,0,0,1,9
1289,1144,5,NA,0,1,0,0,0,1,10
1290,1186,5,NA,0,1,0,0,0,1,10
1291,1199,5,NA,0,1,0,0,0,1,5
1292,1276,5,NA,0,1,0,0,0,1,5
1293,1181,5,NA,0,1,0,0,0,1,4
1294,1096,5,NA,0,1,0,0,0,0,6
1295,1254,5,NA,0,1,0,0,0,1,2
1296,1173,5,NA,0,1,0,0,0,1,7
1297,1119,5,NA,0,1,0,0,0,0,9
1298,1139,5,NA,1,1,2,0,0,0,1
1299,1248,5,NA,0,1,0,0,0,0,2
1300,1242,5,NA,0,1,0,0,0,1,10
1301,1251,5,NA,0,1,0,0,0,0,3
1302,1190,5,NA,0,1,0,0,0,0,6
1303,1259,5,NA,2,1,2,0,0,0,6
1304,1274,5,NA,0,1,0,0,0,1,7
1305,1121,5,NA,0,1,0,0,0,1,11
1306,1157,5,NA,0,1,0,0,0,1,11
1307,1237,5,NA,0,1,0,0,0,1,1
1308,1177,5,NA,0,1,0,0,0,1,6
1309,1304,5,NA,0,1,0,0,0,1,3
1310,1191,5,NA,3,1,2,0,0,0,4
1311,1279,5,NA,0,1,0,0,0,0,1
1312,1256,5,NA,0,1,0,0,0,1,10
1313,1158,5,NA,0,1,0,0,0,0,9
1314,1241,5,NA,0,1,0,0,0,0,5
1315,1148,5,NA,0,1,0,0,0,1,9
1316,1124,5,NA,0,1,0,0,0,1,6
1317,1150,5,NA,0,1,0,0,0,0,7
1318,1292,5,NA,1,1,2,0,0,0,11
1319,1158,5,NA,0,1,0,0,0,1,2
1320,1271,5,NA,0,1,0,0,0,1,6
1321,1239,5,NA,0,1,0,0,0,0,6
1322,1125,5,NA,0,1,0,0,0,0,4
1323,1191,5,NA,0,1,0,0,0,1,6
1324,1253,5,NA,0,1,0,0,0,0,10
1325,1319,5,NA,0,1,0,0,0,1,10
1326,1245,5,NA,0,1,0,0,0,0,9
1327,1134,5,NA,0,1,0,0,0,1,11
1328,1145,5,NA,0,1,0,0,0,1,8
1329,1178,5,NA,0,1,0,0,0,1,2
1330,1196,5,NA,3,1,2,0,0,0,6
1331,1326,5,NA,0,1,0,0,0,1,5
1332,1320,5,NA,0,1,0,0,0,0,11
1333,1189,5,NA,0,1,0,0,0,1,7
1334,1288,5,NA,0,1,0,0,0,1,8
1335,1218,5,NA,0,1,0,0,0,0,1
1336,1331,5,NA,0,1,0,0,0,1,9
1337,1296,5,NA,3,1,2,0,0,0,7
1338,1286,5,NA,0,1,0,0,0,0,7
1339,1303,5,NA,0,1,0,0,0,1,9
1340,1287,5,NA,0,1,0,0,0,0,4
1341,1203,5,NA,0,1,0,0,0,1,1
1342,1170,5,NA,0,1,0,0,0,1,1
1343,1154,5,NA,0,1,0,0,0,0,10
1344,1268,5,NA,0,1,0,0,0,0,1
1345,1182,5,NA,0,1,0,0,0,0,2
1346,1262,5,NA,0,1,0,0,0,1,8
1347,1236,5,NA,0,1,0,0,0,0,6
1348,1161,5,NA,1,1,2,0,0,0,4
1349,1187,5,NA,0,1,0,0,0,1,6
1350,1314,5,NA,0,1,0,0,0,0,10
1351,1271,5,NA,0,1,0,0,0,0,7
1352,1337,5,NA,0,1,0,0,0,1,3
1353,1287,5,NA,0,1,0,0,0,1,8
1354,1312,5,NA,0,1,0,0,0,0,7
1355,1278,5,NA,2,1,2,0,0,0,10
1356,1283,5,NA,0,1,0,0,0,0,6
1357,1344,5,NA,0,1,0,0,0,1,2
1358,1330,5,NA,0,1,0,0,0,0,3
1359,1161,5,NA,3,1,2,0,0,0,8
1360,1304,5,NA,0,1,0,0,0,0,1
1361,1255,5,NA,0,1,0,0,0,1,2
1362,1208,5,NA,0,1,0,0,0,1,10
1363,1254,5,NA,0,1,0,0,0,0,5
1364,1334,5,NA,0,1,0,0,0,0,4
1365,1316,5,NA,0,1,0,0,0,1,1
1366,1331,5,NA,0,1,0,0,0,0,1
1367,1329,5,NA,0,1,0,0,0,1,2
1368,1292,5,NA,0,1,0,0,0,1,9
1369,1308,5,NA,0,1,0,0,0,1,11
1370,1201,5,NA,0,1,0,0,0,1,10
1371,1304,5,NA,0,1,0,0,0,0,3
1372,1368,5,NA,0,1,0,0,0,1,3
1373,1182,5,NA,0,1,0,0,0,1,2
1374,1325,5,NA,0,1,0,0,0,1,10
1375,1277,5,NA,0,1,0,0,0,1,9
1376,1219,5,NA,0,1,0,0,0,0,11
1377,1310,5,NA,0,1,0,0,0,1,9
1378,1373,5,NA,0,1,0,0,0,1,9
1379,1186,5,NA,0,1,0,0,0,0,8
1380,1329,5,NA,0,1,0,0,0,0,11
1381,1320,5,NA,0,1,0,0,0,1,10
1382,1279,5,NA,2,1,2,0,0,0,2
1383,1295,5,NA,0,1,0,0,0,1,10
1384,1265,5,NA,0,1,0,0,0,1,11
1385,1335,5,NA,0,1,0,0,0,1,3
1386,1315,5,NA,0,1,0,0,0,0,8
1387,1209,5,NA,1,1,2,0,0,0,5
1388,1209,5,NA,0,1,0,0,0,0,6
1389,1354,5,NA,0,1,0,0,0,1,1
1390,1251,5,NA,0,1,0,0,0,1,10
1391,1211,5,NA,1,1,2,0,0,0,10
1392,1370,5,NA,0,1,0,0,0,1,1
1393,1389,5,NA,0,1,0,0,0,1,1
1394,1369,5,NA,2,1,2,0,0,0,7
1395,1350,5,NA,0,1,0,0,0,0,9
1396,1312,5,NA,0,1,0,0,0,1,7
1397,1201,5,NA,0,1,0,0,0,0,9
1398,1309,5,NA,0,1,0,0,0,1,1
1399,1355,5,NA,0,1,0,0,0,1,3
1400,1206,5,NA,0,1,0,0,0,1,9
1401,1337,5,NA,0,1,0,0,0,0,10
1402,1348,5,NA,0,1,0,0,0,1,10
1403,1212,5,NA,0,1,0,0,0,0,5
1404,1338,5,NA,0,1,0,0,0,0,2
1405,1259,5,NA,0,1,0,0,0,1,9
1406,1396,5,NA,0,1,0,0,0,0,3
1407,1391,5,NA,0,1,0,0,0,0,9
1408,1306,5,NA,0,1,0,0,0,0,4
1409,1344,5,NA,0,1,0,0,0,0,8
1410,1236,5,NA,0,1,0,0,0,1,3
1411,1311,5,NA,0,1,0,0,0,1,9
1412,1319,5,NA,0,1,0,0,0,0,6
1413,1226,5,NA,0,1,0,0,0,0,11
1414,1321,5,NA,0,1,0,0,0,0,3
1415,1220,5,NA,0,1,0,0,0,0,8
1416,1337,5,NA,0,1,0,0,0,0,11
1417,1257,5,NA,0,1,0,0,0,1,1
1418,1282,5,NA,0,1,0,0,0,0,5
1419,1338,5,NA,2,1,2,0,0,0,5
1420,1237,5,NA,0,1,0,0,0,0,2
1421,1367,5,NA,0,1,0,0,0,0,6
1422,1328,5,NA,0,1,0,0,0,0,8
1423,1229,5,NA,0,1,0,0,0,1,3
1424,1240,5,NA,0,1,0,0,0,1,3
1425,1402,5,NA,0,1,0,0,0,1,8
1426,1294,5,NA,0,1,0,0,0,0,10
1427,1404,5,NA,0,1,0,0,0,1,4
1428,1252,5,NA,2,1,2,0,0,0,9
1429,1415,5,NA,0,1,0,0,0,1,9
1430,1274,5,NA,0,1,0,0,0,0,10
1431,1383,5,NA,0,1,0,0,0,1,5
1432,1318,5,NA,0,1,0,0,0,1,5
1433,1268,5,NA,0,1,0,0,0,0,9
1434,1245,5,NA,0,1,0,0,0,1,2
1435,1424,5,NA,0,1,0,0,0,1,7
1436,1354,5,NA,0,1,0,0,0,0,9
1437,1356,5,NA,0,1,0,0,0,1,3
1438,1362,5,NA,0,1,0,0,0,0,10
1439,1336,5,NA,0,1,0,0,0,1,3
1440,1385,5,NA,0,1,0,0,0,1,2
1441,1407,5,NA,0,1,0,0,0,1,4
1442,1397,5,NA,0,1,0,0,0,1,1
1443,1374,5,NA,0,1,0,0,0,0,2
1444,1263,5,NA,0,1,0,0,0,1,4
1445,1422,5,NA,1,1,2,0,0,0,11
